feature,mean,std,rank
FWD Init Win Bytes,0.05797490047238622,0.007561254773940263,1
Active Min,0.0076334195938027975,0.00991640728319434,2
Active Max,0.007208153136245094,0.008675616856479022,3
Flow Duration,0.0060845846491544495,0.009728450009436205,4
Fwd Header Length,0.0030797355087878618,0.010759598478413443,5
SYN Flag Count,0.002499475689940378,0.006944490161867862,6
FIN Flag Count,0.002498943791800632,0.004693121785905838,7
Protocol,0.0024850271956552384,0.004914117790058018,8
RST Flag Count,0.0020604412441615903,0.008471052197787675,9
Fwd Packet Length Max,0.001497471135861077,0.005978594931173873,10
Fwd IAT Min,0.0010258037487740168,0.006881603050890598,11
Bwd Init Win Bytes,0.0010188493224241534,0.001035875462430259,12
Bwd Packet Length Max,0.0006268722977376529,0.0012372932008685846,13
Bwd Segment Size Avg,0.0005945149184909137,0.0018114261103667473,14
Bwd IAT Max,0.0005727075674337412,0.0014876057372975174,15
PSH Flag Count,0.0005392481583446917,0.0008849547838873271,16
Flow IAT Max,0.0005073304646437249,0.01373516756750158,17
Fwd IAT Mean,0.0004317612677849514,0.01237891221711546,18
Bwd IAT Mean,0.00039646348255611307,0.0013489864142390247,19
Packet Length Min,0.00032421540571808016,0.002576116656180137,20
Fwd IAT Std,8.831478620002997e-05,0.007799531486667731,21
Bwd Packet Length Min,4.3300198794189445e-05,0.0001260833227728019,22
Bwd Bytes/Bulk Avg,4.0702672480397165e-05,0.0014062065540443134,23
ECE Flag Count,4.366813141531978e-07,2.1392927997666735e-06,24
CWR Flag Count,0.0,0.0,25
Fwd URG Flags,-1.8469877576565708e-06,8.922092156782975e-06,26
URG Flag Count,-2.8419569221105334e-06,1.258109125641956e-05,27
Subflow Bwd Bytes,-7.960754102369626e-06,0.0013549718451656358,28
Bwd IAT Total,-3.819483866438933e-05,0.0016989656936104074,29
Bwd Bulk Rate Avg,-4.271620355596806e-05,0.0003340328821393128,30
Fwd Packet Length Std,-6.324221032225186e-05,0.0006553179015718112,31
Bwd IAT Std,-0.00022986722309295437,0.0022702385360745315,32
Total Length of Bwd Packet,-0.0002717714552912387,0.0020551520299645558,33
Fwd PSH Flags,-0.00027378956429672917,0.0006308394763947018,34
Bwd IAT Min,-0.000285377951941439,0.005761558601177907,35
Subflow Fwd Bytes,-0.00031710703851596024,0.004077611779263679,36
Bwd Packet Length Std,-0.00031734353463960476,0.0006446145492402146,37
Active Std,-0.000497616861253225,0.0024378147949514688,38
Packet Length Variance,-0.0008042612547420047,0.0036127508422194583,39
Down/Up Ratio,-0.000957986883614561,0.005650509076476917,40
Packet Length Std,-0.0014079114672918803,0.0038436563933387288,41
Total Bwd packets,-0.001469946450723425,0.0014011605668838923,42
Fwd Packets/s,-0.0019234404068741284,0.01081253400768472,43
Bwd Header Length,-0.0019332473472606537,0.0012681734588331761,44
Total Length of Fwd Packet,-0.001986954332837221,0.005231817406271372,45
Flow Bytes/s,-0.0020771990179218893,0.009831000176322439,46
Flow IAT Std,-0.0022374795842748352,0.006367445088365253,47
Bwd Packets/s,-0.003905061322036767,0.004454698500223876,48
Average Packet Size,-0.004133925734515161,0.004988966236864039,49
Idle Std,-0.004171637957637229,0.011988634614920862,50
Fwd Seg Size Min,-0.004271796648668813,0.008759191419136739,51
Flow IAT Mean,-0.005039467792687975,0.012196418209566141,52
Fwd IAT Max,-0.00604079986030432,0.012515793048594888,53
Flow IAT Min,-0.013532584943594888,0.010339145956378177,54
